<component name="PinButton" extends="Group" >
    <interface>
        <field id="text" type="string" alias="buttonLabel.text" alwaysNotify="true" />
        <field id="properties" type="assocArray" alwaysNotify="true" onChange="onPropertiesChange" />
        <field id="focus" type="boolean" value="false" alwaysNotify="true" onChange="onFocusChange" />

        <field id="selected" type="boolean" alwaysNotify="true" /> 
    </interface>

    <script type="text/brightscript" uri="pkg:/components/widgets/button/Button.brs" />

    <children>
        <Rectangle id="buttonContainer" >

            <Label id="buttonLabel">
                <!-- <Font id="buttonLabelFont" role="font" size="27" uri="pkg:/fonts/4Text-Regular.ttf" /> -->
            </Label>
        </Rectangle>
    </children>
</component>